{"cameraMode":{"drawMode":0,"name":"Shaded","section":"Shading Mode"},"sceneLighting":true,"audioPlay":false,"sceneViewState":{"showFog":true,"showMaterialUpdate":false,"showSkybox":true,"showFlares":true,"showImageEffects":true,"showParticleSystems":true},"in2DMode":false,"pivot":{"x":-5.172589302062988,"y":-2.4067256450653078,"z":1.4095995426177979},"rotation":{"x":0.19307301938533784,"y":-0.6054869890213013,"z":0.15454065799713136,"w":0.7564568519592285},"size":4.671823024749756,"orthographic":false}