{"cameraMode":{"drawMode":0,"name":"Shaded","section":"Shading Mode"},"sceneLighting":false,"audioPlay":false,"sceneViewState":{"showFog":true,"showMaterialUpdate":false,"showSkybox":false,"showFlares":true,"showImageEffects":true,"showParticleSystems":true},"in2DMode":false,"pivot":{"x":-0.1413201093673706,"y":0.6716578006744385,"z":-0.19648662209510804},"rotation":{"x":0.12710095942020417,"y":-0.8403359055519104,"z":0.22390589118003846,"w":0.4770202934741974},"size":0.36062175035476687,"orthographic":false}