{"cameraMode":{"drawMode":0,"name":"Shaded","section":"Shading Mode"},"sceneLighting":false,"audioPlay":false,"sceneViewState":{"showFog":true,"showMaterialUpdate":false,"showSkybox":false,"showFlares":true,"showImageEffects":true,"showParticleSystems":true},"in2DMode":false,"pivot":{"x":-3.0999999046325685,"y":0.1850000023841858,"z":17.110000610351564},"rotation":{"x":0.19307301938533784,"y":-0.6054869890213013,"z":0.15454065799713136,"w":0.7564568519592285},"size":0.47182315587997439,"orthographic":false}